{"name":"player","score":10.0,"position":[611.0149536132813,9.9981689453125,623.5217895507813]}